Nombre del Producto,URL de la Imagen
Rogue : Genesia,./SteamNovedades_files/capsule_184x69_alt_assets_1.jpg
Sugardew Island - Your cozy farm shop,./SteamNovedades_files/capsule_184x69.jpg
FragPunk,./SteamNovedades_files/capsule_184x69(1).jpg
Los Sims™ 4 Ocio y Negocio Pack de Expansión,./SteamNovedades_files/capsule_184x69(2).jpg
THRONE AND LIBERTY - Pack de celebración de Talandre: oro,./SteamNovedades_files/capsule_184x69(3).jpg
THRONE AND LIBERTY - Pack de celebración de Talandre: plata,./SteamNovedades_files/capsule_184x69(4).jpg
Split Fiction,./SteamNovedades_files/capsule_184x69(5).jpg
Do No Harm,./SteamNovedades_files/capsule_184x69(6).jpg
Suikoden I&amp;II HD Remaster Gate Rune and Dunan Unification Wars,./SteamNovedades_files/capsule_184x69(7).jpg
Two Point Museum,./SteamNovedades_files/capsule_184x69(8).jpg
Knights in Tight Spaces,./SteamNovedades_files/capsule_184x69(9).jpg
Grand Theft Auto V Enhanced,./SteamNovedades_files/capsule_184x69(10).jpg
Grand Theft Auto V Enhanced,./SteamNovedades_files/capsule_184x69(10).jpg
Carmen Sandiego,./SteamNovedades_files/capsule_184x69(11).jpg
Monster Hunter Wilds,./SteamNovedades_files/capsule_184x69(12).jpg
PGA TOUR 2K25,./SteamNovedades_files/capsule_184x69(13).jpg
Yu-Gi-Oh! EARLY DAYS COLLECTION,./SteamNovedades_files/capsule_184x69(14).jpg
Like a Dragon: Pirate Yakuza in Hawaii,./SteamNovedades_files/capsule_184x69(15).jpg
Avowed,./SteamNovedades_files/capsule_184x69(16).jpg
Lost Records: Bloom &amp; Rage,./SteamNovedades_files/capsule_184x69(17).jpg
Sid Meier's Civilization VII,./SteamNovedades_files/capsule_184x69(18).jpg
Door Kickers 2: Task Force North,./SteamNovedades_files/capsule_184x69(19).jpg
A Game About Digging A Hole,./SteamNovedades_files/capsule_184x69(20).jpg
Kingdom Come: Deliverance II,./SteamNovedades_files/capsule_184x69(21).jpg
Los Sims™ Colección 25.º Aniversario,./SteamNovedades_files/capsule_184x69(22).jpg
Foundation,./SteamNovedades_files/capsule_184x69(23).jpg
Marvel's Spider-Man 2,./SteamNovedades_files/capsule_184x69(24).jpg
The Headliners,./SteamNovedades_files/capsule_184x69(25).jpg
Hello Kitty Island Adventure,./SteamNovedades_files/capsule_184x69(26).jpg
STAR WARS™: Episode I: Jedi Power Battles™,./SteamNovedades_files/capsule_184x69(27).jpg
FINAL FANTASY VII REBIRTH,./SteamNovedades_files/capsule_184x69(28).jpg
DYNASTY WARRIORS: ORIGINS,./SteamNovedades_files/capsule_184x69(29).jpg
MiSide,./SteamNovedades_files/capsule_184x69(30).jpg
Indiana Jones y el Gran Círculo ,./SteamNovedades_files/capsule_184x69_spanish.jpg
Marvel Rivals,./SteamNovedades_files/capsule_184x69(31).jpg
Void Crew,./SteamNovedades_files/capsule_184x69(32).jpg
Oratorio,./SteamNovedades_files/trans.gif
Tetradome,./SteamNovedades_files/trans.gif
Poofie Plays God,./SteamNovedades_files/trans.gif
NOX AETERNA - Veil of Darkness,./SteamNovedades_files/trans.gif
Capibara Lost Dreams,./SteamNovedades_files/trans.gif
Smack Monkey,./SteamNovedades_files/trans.gif
The Last Tape,./SteamNovedades_files/trans.gif
HyperFlight,./SteamNovedades_files/trans.gif
Gooing Up!,./SteamNovedades_files/trans.gif
WYRMHALL: Brush and Banter,./SteamNovedades_files/trans.gif
Colors of the Past,./SteamNovedades_files/trans.gif
OYASUMII,./SteamNovedades_files/trans.gif
Fluffy Sailors,./SteamNovedades_files/trans.gif
Gamma Zero,./SteamNovedades_files/trans.gif
Steam Slug,./SteamNovedades_files/trans.gif
Rebel Tank Solo-Raid,./SteamNovedades_files/trans.gif
Draft Day Sports: College Basketball 2025,./SteamNovedades_files/trans.gif
Lab Sorters,./SteamNovedades_files/trans.gif
Hook Line and Sniper,./SteamNovedades_files/trans.gif
Macro Data Refinement Simulator: Shapes,./SteamNovedades_files/trans.gif
Undergoes,./SteamNovedades_files/trans.gif
Bouncy Escape,./SteamNovedades_files/trans.gif
Schism,./SteamNovedades_files/trans.gif
Casino Heist: Escape Room,./SteamNovedades_files/trans.gif
Stick Tongue,./SteamNovedades_files/trans.gif
Rogue : Genesia,./SteamNovedades_files/trans.gif
Dice People,./SteamNovedades_files/trans.gif
FACE LOVE: Face Designer,./SteamNovedades_files/trans.gif
Cave Of Horrors,./SteamNovedades_files/trans.gif
Crystal: Automaton,./SteamNovedades_files/trans.gif
Pig &amp; Chikin,./SteamNovedades_files/trans.gif
City Park Simulator,./SteamNovedades_files/trans.gif
Myrmidon,./SteamNovedades_files/trans.gif
King's Beat,./SteamNovedades_files/trans.gif
Into Death and Beyond,./SteamNovedades_files/trans.gif
Zombieville USA 3D,./SteamNovedades_files/trans.gif
